Bitcoin (BTC),"$18,326.93"
Ethereum (ETH),$563.88
XRP (XRP),$0.548971
Tether (USDT),$1.00
Litecoin (LTC),$76.11
Bitcoin Cash (BCH),$265.38
Please turn JavaScript on and reload the page.,
Please turn JavaScript on and reload the page.,
Please turn JavaScript on and reload the page.,
Please turn JavaScript on and reload the page.,
Please turn JavaScript on and reload the page.,
Please turn JavaScript on and reload the page.,
Please turn JavaScript on and reload the page.,
Please turn JavaScript on and reload the page.,
Please turn JavaScript on and reload the page.,
Please turn JavaScript on and reload the page.,
Please turn JavaScript on and reload the page.,
Please turn JavaScript on and reload the page.,
Please turn JavaScript on and reload the page.,
Please turn JavaScript on and reload the page.,
Please turn JavaScript on and reload the page.,
Please turn JavaScript on and reload the page.,
Please turn JavaScript on and reload the page.,
Please turn JavaScript on and reload the page.,
Please turn JavaScript on and reload the page.,
Please turn JavaScript on and reload the page.,
Please turn JavaScript on and reload the page.,
Please turn JavaScript on and reload the page.,
Please turn JavaScript on and reload the page.,
Please turn JavaScript on and reload the page.,
Please turn JavaScript on and reload the page.,
Please turn JavaScript on and reload the page.,
Please turn JavaScript on and reload the page.,
Please turn JavaScript on and reload the page.,
Please turn JavaScript on and reload the page.,
Please turn JavaScript on and reload the page.,
Please turn JavaScript on and reload the page.,
Please turn JavaScript on and reload the page.,
Please turn JavaScript on and reload the page.,
Please turn JavaScript on and reload the page.,
Please turn JavaScript on and reload the page.,
Please turn JavaScript on and reload the page.,
Please turn JavaScript on and reload the page.,
Please turn JavaScript on and reload the page.,
Please turn JavaScript on and reload the page.,
Please turn JavaScript on and reload the page.,
Bitcoin (BTC),"$18,326.93"
Ethereum (ETH),$563.88
XRP (XRP),$0.548971
Tether (USDT),$1.00
Litecoin (LTC),$76.11
Bitcoin Cash (BCH),$265.38
Chainlink (LINK),$12.30
Cardano (ADA),$0.142666
Polkadot (DOT),$4.87
Binance Coin (BNB),$28.00
Stellar (XLM),$0.158397
Please turn JavaScript on and reload the page.,
Please turn JavaScript on and reload the page.,
Please turn JavaScript on and reload the page.,
Please turn JavaScript on and reload the page.,
Please turn JavaScript on and reload the page.,
Please turn JavaScript on and reload the page.,
Please turn JavaScript on and reload the page.,
Please turn JavaScript on and reload the page.,
Please turn JavaScript on and reload the page.,
Please turn JavaScript on and reload the page.,
Please turn JavaScript on and reload the page.,
Please turn JavaScript on and reload the page.,
Please turn JavaScript on and reload the page.,
Please turn JavaScript on and reload the page.,
Please turn JavaScript on and reload the page.,
Please turn JavaScript on and reload the page.,
Please turn JavaScript on and reload the page.,
Please turn JavaScript on and reload the page.,
Please turn JavaScript on and reload the page.,
Please turn JavaScript on and reload the page.,
Please turn JavaScript on and reload the page.,
Please turn JavaScript on and reload the page.,
Please turn JavaScript on and reload the page.,
Please turn JavaScript on and reload the page.,
Please turn JavaScript on and reload the page.,
Please turn JavaScript on and reload the page.,
Please turn JavaScript on and reload the page.,
Please turn JavaScript on and reload the page.,
Please turn JavaScript on and reload the page.,
Please turn JavaScript on and reload the page.,
Please turn JavaScript on and reload the page.,
Please turn JavaScript on and reload the page.,
Please turn JavaScript on and reload the page.,
Please turn JavaScript on and reload the page.,
Please turn JavaScript on and reload the page.,
Please turn JavaScript on and reload the page.,
Please turn JavaScript on and reload the page.,
Please turn JavaScript on and reload the page.,
Please turn JavaScript on and reload the page.,
Please turn JavaScript on and reload the page.,
Please turn JavaScript on and reload the page.,
Please turn JavaScript on and reload the page.,
Please turn JavaScript on and reload the page.,
Please turn JavaScript on and reload the page.,
Please turn JavaScript on and reload the page.,
Please turn JavaScript on and reload the page.,
Please turn JavaScript on and reload the page.,
Please turn JavaScript on and reload the page.,
Please turn JavaScript on and reload the page.,
Please turn JavaScript on and reload the page.,
Please turn JavaScript on and reload the page.,
Please turn JavaScript on and reload the page.,
Please turn JavaScript on and reload the page.,
Please turn JavaScript on and reload the page.,
Please turn JavaScript on and reload the page.,
Please turn JavaScript on and reload the page.,
Please turn JavaScript on and reload the page.,
Please turn JavaScript on and reload the page.,
Please turn JavaScript on and reload the page.,
Please turn JavaScript on and reload the page.,
Please turn JavaScript on and reload the page.,
Please turn JavaScript on and reload the page.,
Please turn JavaScript on and reload the page.,
Please turn JavaScript on and reload the page.,
Please turn JavaScript on and reload the page.,
Please turn JavaScript on and reload the page.,
Please turn JavaScript on and reload the page.,
Please turn JavaScript on and reload the page.,
Please turn JavaScript on and reload the page.,
Please turn JavaScript on and reload the page.,
Please turn JavaScript on and reload the page.,
Please turn JavaScript on and reload the page.,
Please turn JavaScript on and reload the page.,
Please turn JavaScript on and reload the page.,
Please turn JavaScript on and reload the page.,
Please turn JavaScript on and reload the page.,
Please turn JavaScript on and reload the page.,
Please turn JavaScript on and reload the page.,
Please turn JavaScript on and reload the page.,
Please turn JavaScript on and reload the page.,
Please turn JavaScript on and reload the page.,
Please turn JavaScript on and reload the page.,
Please turn JavaScript on and reload the page.,
Please turn JavaScript on and reload the page.,
Please turn JavaScript on and reload the page.,
Please turn JavaScript on and reload the page.,
Please turn JavaScript on and reload the page.,
Please turn JavaScript on and reload the page.,
Please turn JavaScript on and reload the page.,
Please turn JavaScript on and reload the page.,
Please turn JavaScript on and reload the page.,
Please turn JavaScript on and reload the page.,
Please turn JavaScript on and reload the page.,
Please turn JavaScript on and reload the page.,
Please turn JavaScript on and reload the page.,
Please turn JavaScript on and reload the page.,
Please turn JavaScript on and reload the page.,
Please turn JavaScript on and reload the page.,
Balancer (BAL),$12.55
MonaCoin (MONA),$1.32
Unibright (UBT),$0.583262
Bytom (BTM),$0.061638
Matic Network (MATIC),$0.018008
Golem (GNT),$0.113546
Please turn JavaScript on and reload the page.,
Please turn JavaScript on and reload the page.,
Please turn JavaScript on and reload the page.,
Please turn JavaScript on and reload the page.,
Please turn JavaScript on and reload the page.,
Please turn JavaScript on and reload the page.,
Please turn JavaScript on and reload the page.,
Please turn JavaScript on and reload the page.,
Please turn JavaScript on and reload the page.,
Please turn JavaScript on and reload the page.,
Please turn JavaScript on and reload the page.,
Please turn JavaScript on and reload the page.,
Please turn JavaScript on and reload the page.,
Please turn JavaScript on and reload the page.,
Please turn JavaScript on and reload the page.,
Please turn JavaScript on and reload the page.,
Please turn JavaScript on and reload the page.,
Please turn JavaScript on and reload the page.,
Please turn JavaScript on and reload the page.,
Please turn JavaScript on and reload the page.,
Please turn JavaScript on and reload the page.,
Please turn JavaScript on and reload the page.,
Please turn JavaScript on and reload the page.,
Please turn JavaScript on and reload the page.,
Please turn JavaScript on and reload the page.,
Please turn JavaScript on and reload the page.,
Please turn JavaScript on and reload the page.,
Please turn JavaScript on and reload the page.,
Please turn JavaScript on and reload the page.,
Please turn JavaScript on and reload the page.,
Please turn JavaScript on and reload the page.,
Please turn JavaScript on and reload the page.,
Please turn JavaScript on and reload the page.,
Please turn JavaScript on and reload the page.,
Please turn JavaScript on and reload the page.,
Please turn JavaScript on and reload the page.,
Please turn JavaScript on and reload the page.,
Please turn JavaScript on and reload the page.,
Please turn JavaScript on and reload the page.,
Please turn JavaScript on and reload the page.,
Please turn JavaScript on and reload the page.,
Please turn JavaScript on and reload the page.,
Please turn JavaScript on and reload the page.,
Please turn JavaScript on and reload the page.,
Please turn JavaScript on and reload the page.,
Please turn JavaScript on and reload the page.,
Please turn JavaScript on and reload the page.,
Please turn JavaScript on and reload the page.,
Please turn JavaScript on and reload the page.,
Please turn JavaScript on and reload the page.,
Please turn JavaScript on and reload the page.,
Please turn JavaScript on and reload the page.,
Please turn JavaScript on and reload the page.,
Please turn JavaScript on and reload the page.,
Please turn JavaScript on and reload the page.,
Please turn JavaScript on and reload the page.,
Please turn JavaScript on and reload the page.,
Please turn JavaScript on and reload the page.,
Please turn JavaScript on and reload the page.,
Please turn JavaScript on and reload the page.,
Please turn JavaScript on and reload the page.,
Please turn JavaScript on and reload the page.,
Please turn JavaScript on and reload the page.,
Please turn JavaScript on and reload the page.,
Please turn JavaScript on and reload the page.,
Please turn JavaScript on and reload the page.,
Please turn JavaScript on and reload the page.,
Please turn JavaScript on and reload the page.,
Please turn JavaScript on and reload the page.,
Please turn JavaScript on and reload the page.,
Please turn JavaScript on and reload the page.,
Please turn JavaScript on and reload the page.,
Please turn JavaScript on and reload the page.,
Please turn JavaScript on and reload the page.,
Please turn JavaScript on and reload the page.,
Please turn JavaScript on and reload the page.,
Please turn JavaScript on and reload the page.,
Please turn JavaScript on and reload the page.,
Please turn JavaScript on and reload the page.,
Please turn JavaScript on and reload the page.,
Please turn JavaScript on and reload the page.,
Please turn JavaScript on and reload the page.,
Please turn JavaScript on and reload the page.,
Please turn JavaScript on and reload the page.,
Please turn JavaScript on and reload the page.,
Bitcoin (BTC),"$18,352.01"
Ethereum (ETH),$567.67
XRP (XRP),$0.550550
Tether (USDT),$1.00
Litecoin (LTC),$76.24
Bitcoin Cash (BCH),$266.02
Chainlink (LINK),$12.30
Cardano (ADA),$0.142666
Polkadot (DOT),$4.87
Binance Coin (BNB),$28.00
Stellar (XLM),$0.158397
Bitcoin SV (BSV),$167.85
Please turn JavaScript on and reload the page.,
Please turn JavaScript on and reload the page.,
Please turn JavaScript on and reload the page.,
Please turn JavaScript on and reload the page.,
Please turn JavaScript on and reload the page.,
Please turn JavaScript on and reload the page.,
Please turn JavaScript on and reload the page.,
Please turn JavaScript on and reload the page.,
Please turn JavaScript on and reload the page.,
Please turn JavaScript on and reload the page.,
Please turn JavaScript on and reload the page.,
Please turn JavaScript on and reload the page.,
Please turn JavaScript on and reload the page.,
Please turn JavaScript on and reload the page.,
Please turn JavaScript on and reload the page.,
Please turn JavaScript on and reload the page.,
Please turn JavaScript on and reload the page.,
Please turn JavaScript on and reload the page.,
Please turn JavaScript on and reload the page.,
Bitcoin (BTC),"$18,302.08"
Ethereum (ETH),$564.98
XRP (XRP),$0.546382
Tether (USDT),$0.999960
Litecoin (LTC),$75.69
Bitcoin Cash (BCH),$264.37
Please turn JavaScript on and reload the page.,
Please turn JavaScript on and reload the page.,
Please turn JavaScript on and reload the page.,
Please turn JavaScript on and reload the page.,
Please turn JavaScript on and reload the page.,
Please turn JavaScript on and reload the page.,
Please turn JavaScript on and reload the page.,
Please turn JavaScript on and reload the page.,
Please turn JavaScript on and reload the page.,
Please turn JavaScript on and reload the page.,
Please turn JavaScript on and reload the page.,
Please turn JavaScript on and reload the page.,
Please turn JavaScript on and reload the page.,
Please turn JavaScript on and reload the page.,
Please turn JavaScript on and reload the page.,
Please turn JavaScript on and reload the page.,
Please turn JavaScript on and reload the page.,
Please turn JavaScript on and reload the page.,
Please turn JavaScript on and reload the page.,
Please turn JavaScript on and reload the page.,
Please turn JavaScript on and reload the page.,
Please turn JavaScript on and reload the page.,
Please turn JavaScript on and reload the page.,
Please turn JavaScript on and reload the page.,
Please turn JavaScript on and reload the page.,
Please turn JavaScript on and reload the page.,
Please turn JavaScript on and reload the page.,
Please turn JavaScript on and reload the page.,
Please turn JavaScript on and reload the page.,
Please turn JavaScript on and reload the page.,
Please turn JavaScript on and reload the page.,
Please turn JavaScript on and reload the page.,
Please turn JavaScript on and reload the page.,
Please turn JavaScript on and reload the page.,
Please turn JavaScript on and reload the page.,
Please turn JavaScript on and reload the page.,
Please turn JavaScript on and reload the page.,
Please turn JavaScript on and reload the page.,
Please turn JavaScript on and reload the page.,
Please turn JavaScript on and reload the page.,
Please turn JavaScript on and reload the page.,
Please turn JavaScript on and reload the page.,
Please turn JavaScript on and reload the page.,
Please turn JavaScript on and reload the page.,
Please turn JavaScript on and reload the page.,
Please turn JavaScript on and reload the page.,
Please turn JavaScript on and reload the page.,
Please turn JavaScript on and reload the page.,
Please turn JavaScript on and reload the page.,
Please turn JavaScript on and reload the page.,
Please turn JavaScript on and reload the page.,
Please turn JavaScript on and reload the page.,
Please turn JavaScript on and reload the page.,
Please turn JavaScript on and reload the page.,
Please turn JavaScript on and reload the page.,
Please turn JavaScript on and reload the page.,
Please turn JavaScript on and reload the page.,
Please turn JavaScript on and reload the page.,
Please turn JavaScript on and reload the page.,
Please turn JavaScript on and reload the page.,
Please turn JavaScript on and reload the page.,
Please turn JavaScript on and reload the page.,
Please turn JavaScript on and reload the page.,
Please turn JavaScript on and reload the page.,
Please turn JavaScript on and reload the page.,
Please turn JavaScript on and reload the page.,
Please turn JavaScript on and reload the page.,
Please turn JavaScript on and reload the page.,
Please turn JavaScript on and reload the page.,
Please turn JavaScript on and reload the page.,
Please turn JavaScript on and reload the page.,
Please turn JavaScript on and reload the page.,
Please turn JavaScript on and reload the page.,
Please turn JavaScript on and reload the page.,
Please turn JavaScript on and reload the page.,
Please turn JavaScript on and reload the page.,
Please turn JavaScript on and reload the page.,
Please turn JavaScript on and reload the page.,
Please turn JavaScript on and reload the page.,
Please turn JavaScript on and reload the page.,
Please turn JavaScript on and reload the page.,
Please turn JavaScript on and reload the page.,
Please turn JavaScript on and reload the page.,
Please turn JavaScript on and reload the page.,
Please turn JavaScript on and reload the page.,
Please turn JavaScript on and reload the page.,
Please turn JavaScript on and reload the page.,
Please turn JavaScript on and reload the page.,
CyberVein (CVT),$0.109747
Status (SNT),$0.033004
Enjin Coin (ENJ),$0.138393
Horizen (ZEN),$10.44
NXM (NXM),$21.45
Please turn JavaScript on and reload the page.,
Please turn JavaScript on and reload the page.,
Please turn JavaScript on and reload the page.,
Please turn JavaScript on and reload the page.,
Please turn JavaScript on and reload the page.,
Please turn JavaScript on and reload the page.,
Please turn JavaScript on and reload the page.,
Please turn JavaScript on and reload the page.,
Please turn JavaScript on and reload the page.,
Please turn JavaScript on and reload the page.,
Please turn JavaScript on and reload the page.,
Please turn JavaScript on and reload the page.,
Please turn JavaScript on and reload the page.,
Please turn JavaScript on and reload the page.,
Please turn JavaScript on and reload the page.,
Please turn JavaScript on and reload the page.,
Please turn JavaScript on and reload the page.,
Please turn JavaScript on and reload the page.,
Please turn JavaScript on and reload the page.,
Please turn JavaScript on and reload the page.,
Please turn JavaScript on and reload the page.,
Please turn JavaScript on and reload the page.,
Please turn JavaScript on and reload the page.,
Please turn JavaScript on and reload the page.,
Please turn JavaScript on and reload the page.,
Please turn JavaScript on and reload the page.,
Please turn JavaScript on and reload the page.,
Please turn JavaScript on and reload the page.,
Please turn JavaScript on and reload the page.,
Please turn JavaScript on and reload the page.,
Please turn JavaScript on and reload the page.,
Please turn JavaScript on and reload the page.,
Please turn JavaScript on and reload the page.,
Please turn JavaScript on and reload the page.,
Please turn JavaScript on and reload the page.,
Please turn JavaScript on and reload the page.,
Please turn JavaScript on and reload the page.,
Please turn JavaScript on and reload the page.,
Please turn JavaScript on and reload the page.,
Please turn JavaScript on and reload the page.,
Please turn JavaScript on and reload the page.,
Please turn JavaScript on and reload the page.,
Please turn JavaScript on and reload the page.,
Please turn JavaScript on and reload the page.,
Please turn JavaScript on and reload the page.,
Please turn JavaScript on and reload the page.,
Please turn JavaScript on and reload the page.,
Please turn JavaScript on and reload the page.,
Please turn JavaScript on and reload the page.,
Please turn JavaScript on and reload the page.,
Please turn JavaScript on and reload the page.,
Please turn JavaScript on and reload the page.,
Please turn JavaScript on and reload the page.,
Please turn JavaScript on and reload the page.,
Please turn JavaScript on and reload the page.,
Please turn JavaScript on and reload the page.,
Please turn JavaScript on and reload the page.,
Please turn JavaScript on and reload the page.,
Please turn JavaScript on and reload the page.,
Please turn JavaScript on and reload the page.,
Please turn JavaScript on and reload the page.,
Please turn JavaScript on and reload the page.,
Please turn JavaScript on and reload the page.,
Please turn JavaScript on and reload the page.,
Please turn JavaScript on and reload the page.,
Please turn JavaScript on and reload the page.,
Please turn JavaScript on and reload the page.,
Please turn JavaScript on and reload the page.,
Please turn JavaScript on and reload the page.,
Please turn JavaScript on and reload the page.,
Please turn JavaScript on and reload the page.,
Please turn JavaScript on and reload the page.,
Please turn JavaScript on and reload the page.,
Please turn JavaScript on and reload the page.,
Please turn JavaScript on and reload the page.,
Please turn JavaScript on and reload the page.,
Please turn JavaScript on and reload the page.,
Please turn JavaScript on and reload the page.,
Please turn JavaScript on and reload the page.,
Please turn JavaScript on and reload the page.,
Please turn JavaScript on and reload the page.,
Please turn JavaScript on and reload the page.,
Please turn JavaScript on and reload the page.,
Please turn JavaScript on and reload the page.,
Please turn JavaScript on and reload the page.,
Please turn JavaScript on and reload the page.,
Please turn JavaScript on and reload the page.,
Please turn JavaScript on and reload the page.,
Please turn JavaScript on and reload the page.,
Please turn JavaScript on and reload the page.,
Please turn JavaScript on and reload the page.,
Please turn JavaScript on and reload the page.,
Please turn JavaScript on and reload the page.,
Please turn JavaScript on and reload the page.,
Please turn JavaScript on and reload the page.,
Please turn JavaScript on and reload the page.,
Please turn JavaScript on and reload the page.,
Please turn JavaScript on and reload the page.,
Please turn JavaScript on and reload the page.,
Please turn JavaScript on and reload the page.,
Please turn JavaScript on and reload the page.,
Please turn JavaScript on and reload the page.,
Please turn JavaScript on and reload the page.,
Please turn JavaScript on and reload the page.,
Please turn JavaScript on and reload the page.,
Please turn JavaScript on and reload the page.,
Please turn JavaScript on and reload the page.,
Please turn JavaScript on and reload the page.,
Please turn JavaScript on and reload the page.,
Please turn JavaScript on and reload the page.,
Please turn JavaScript on and reload the page.,
Please turn JavaScript on and reload the page.,
Please turn JavaScript on and reload the page.,
Bitcoin (BTC),"$18,302.08"
Ethereum (ETH),$564.98
XRP (XRP),$0.546382
Tether (USDT),$0.999986
Litecoin (LTC),$75.69
Bitcoin Cash (BCH),$264.37
Chainlink (LINK),$12.20
Cardano (ADA),$0.141735
Polkadot (DOT),$4.86
Binance Coin (BNB),$27.94
Stellar (XLM),$0.157400
Please turn JavaScript on and reload the page.,
Please turn JavaScript on and reload the page.,
Please turn JavaScript on and reload the page.,
Please turn JavaScript on and reload the page.,
Please turn JavaScript on and reload the page.,
Please turn JavaScript on and reload the page.,
Please turn JavaScript on and reload the page.,
Please turn JavaScript on and reload the page.,
Please turn JavaScript on and reload the page.,
Please turn JavaScript on and reload the page.,
Please turn JavaScript on and reload the page.,
Please turn JavaScript on and reload the page.,
Please turn JavaScript on and reload the page.,
Please turn JavaScript on and reload the page.,
Please turn JavaScript on and reload the page.,
Please turn JavaScript on and reload the page.,
Please turn JavaScript on and reload the page.,
Please turn JavaScript on and reload the page.,
Please turn JavaScript on and reload the page.,
Please turn JavaScript on and reload the page.,
Please turn JavaScript on and reload the page.,
Please turn JavaScript on and reload the page.,
Please turn JavaScript on and reload the page.,
Please turn JavaScript on and reload the page.,
Please turn JavaScript on and reload the page.,
Please turn JavaScript on and reload the page.,
Please turn JavaScript on and reload the page.,
Please turn JavaScript on and reload the page.,
Bitcoin (BTC),"$18,302.08"
Ethereum (ETH),$564.98
XRP (XRP),$0.546382
Tether (USDT),$0.999986
Litecoin (LTC),$75.69
Bitcoin Cash (BCH),$264.37
Chainlink (LINK),$12.20
Cardano (ADA),$0.141735
Polkadot (DOT),$4.86
Binance Coin (BNB),$27.94
Stellar (XLM),$0.157400
Bitcoin SV (BSV),$165.16
USD Coin (USDC),$1.00
EOS (EOS),$2.76
Monero (XMR),$131.34
Wrapped Bitcoin (WBTC),"$18,306.24"
Please turn JavaScript on and reload the page.,
Please turn JavaScript on and reload the page.,
Please turn JavaScript on and reload the page.,
Please turn JavaScript on and reload the page.,
Please turn JavaScript on and reload the page.,
Please turn JavaScript on and reload the page.,
Bitcoin (BTC),"$18,297.52"
Ethereum (ETH),$565.50
XRP (XRP),$0.545984
Tether (USDT),$0.999986
Litecoin (LTC),$75.58
Bitcoin Cash (BCH),$264.11
Chainlink (LINK),$12.20
Cardano (ADA),$0.141735
Polkadot (DOT),$4.86
Binance Coin (BNB),$27.94
Stellar (XLM),$0.157400
USD Coin (USDC),$1.00
Bitcoin SV (BSV),$165.16
EOS (EOS),$2.76
Monero (XMR),$131.34
Wrapped Bitcoin (WBTC),"$18,306.24"
TRON (TRX),$0.028132
NEM (XEM),$0.205332
Tezos (XTZ),$2.14
Filecoin (FIL),$30.66
UNUS SED LEO (LEO),$1.34
Crypto.com Coin (CRO),$0.060268
Neo (NEO),$16.49
Please turn JavaScript on and reload the page.,
Please turn JavaScript on and reload the page.,
Bitcoin (BTC),"$18,321.70"
Bitcoin (BTC),"$18,321.70"
Ethereum (ETH),$567.25
Bitcoin (BTC),"$18,321.70"
Ethereum (ETH),$567.25
XRP (XRP),$0.546045
Tether (USDT),$0.999955
Litecoin (LTC),$76.32
Bitcoin Cash (BCH),$266.76
Please turn JavaScript on and reload the page.,
Please turn JavaScript on and reload the page.,
Please turn JavaScript on and reload the page.,
Please turn JavaScript on and reload the page.,
Please turn JavaScript on and reload the page.,
Please turn JavaScript on and reload the page.,
Please turn JavaScript on and reload the page.,
Please turn JavaScript on and reload the page.,
Please turn JavaScript on and reload the page.,
Please turn JavaScript on and reload the page.,
Please turn JavaScript on and reload the page.,
Please turn JavaScript on and reload the page.,
Bitcoin (BTC),"$18,321.70"
Bitcoin (BTC),"$18,321.70"
Ethereum (ETH),$567.25
XRP (XRP),$0.545556
Tether (USDT),$0.999955
Litecoin (LTC),$76.32
Bitcoin Cash (BCH),$266.76
Chainlink (LINK),$12.25
Cardano (ADA),$0.142655
Polkadot (DOT),$4.89
Binance Coin (BNB),$28.04
Stellar (XLM),$0.161303
Bitcoin SV (BSV),$166.77
Please turn JavaScript on and reload the page.,
Please turn JavaScript on and reload the page.,
Please turn JavaScript on and reload the page.,
Please turn JavaScript on and reload the page.,
Bitcoin (BTC),"$18,304.15"
Ethereum (ETH),$565.46
XRP (XRP),$0.545556
Tether (USDT),$0.999985
Litecoin (LTC),$76.01
Bitcoin Cash (BCH),$265.24
Please turn JavaScript on and reload the page.,
Please turn JavaScript on and reload the page.,
Please turn JavaScript on and reload the page.,
Please turn JavaScript on and reload the page.,
Please turn JavaScript on and reload the page.,
Please turn JavaScript on and reload the page.,
Please turn JavaScript on and reload the page.,
Bitcoin (BTC),"$18,304.15"
Ethereum (ETH),$565.46
Bitcoin (BTC),"$18,304.15"
Ethereum (ETH),$565.46
XRP (XRP),$0.545951
Tether (USDT),$0.999985
Litecoin (LTC),$76.01
Bitcoin Cash (BCH),$265.24
Bitcoin (BTC),"$18,304.15"
Ethereum (ETH),$565.46
XRP (XRP),$0.545951
Tether (USDT),$0.999985
Litecoin (LTC),$76.01
Bitcoin Cash (BCH),$265.24
Chainlink (LINK),$12.29
Cardano (ADA),$0.142870
Polkadot (DOT),$4.91
Binance Coin (BNB),$28.04
Stellar (XLM),$0.161734
Please turn JavaScript on and reload the page.,
Please turn JavaScript on and reload the page.,
Please turn JavaScript on and reload the page.,
Please turn JavaScript on and reload the page.,
Please turn JavaScript on and reload the page.,
Bitcoin (BTC),"$18,324.88"
Ethereum (ETH),$567.29
Bitcoin (BTC),"$18,324.88"
Ethereum (ETH),$567.29
Bitcoin (BTC),"$18,330.64"
Bitcoin (BTC),"$18,445.70"
Ethereum (ETH),$566.89
Please turn JavaScript on and reload the page.,
Please turn JavaScript on and reload the page.,
Please turn JavaScript on and reload the page.,
Please turn JavaScript on and reload the page.,
Please turn JavaScript on and reload the page.,
Please turn JavaScript on and reload the page.,
Please turn JavaScript on and reload the page.,
Please turn JavaScript on and reload the page.,
Please turn JavaScript on and reload the page.,
Please turn JavaScript on and reload the page.,
Please turn JavaScript on and reload the page.,
Please turn JavaScript on and reload the page.,
Please turn JavaScript on and reload the page.,
Please turn JavaScript on and reload the page.,
Please turn JavaScript on and reload the page.,
Please turn JavaScript on and reload the page.,
Please turn JavaScript on and reload the page.,
Please turn JavaScript on and reload the page.,
Please turn JavaScript on and reload the page.,
Please turn JavaScript on and reload the page.,
Please turn JavaScript on and reload the page.,
Please turn JavaScript on and reload the page.,
Please turn JavaScript on and reload the page.,
Please turn JavaScript on and reload the page.,
Please turn JavaScript on and reload the page.,
Please turn JavaScript on and reload the page.,
Please turn JavaScript on and reload the page.,
Please turn JavaScript on and reload the page.,
Please turn JavaScript on and reload the page.,
Please turn JavaScript on and reload the page.,
Please turn JavaScript on and reload the page.,
Please turn JavaScript on and reload the page.,
Please turn JavaScript on and reload the page.,
Please turn JavaScript on and reload the page.,
Please turn JavaScript on and reload the page.,
Please turn JavaScript on and reload the page.,
Please turn JavaScript on and reload the page.,
Please turn JavaScript on and reload the page.,
Please turn JavaScript on and reload the page.,
Please turn JavaScript on and reload the page.,
Please turn JavaScript on and reload the page.,
Please turn JavaScript on and reload the page.,
Please turn JavaScript on and reload the page.,
Please turn JavaScript on and reload the page.,
Please turn JavaScript on and reload the page.,
Please turn JavaScript on and reload the page.,
Please turn JavaScript on and reload the page.,
Please turn JavaScript on and reload the page.,
Please turn JavaScript on and reload the page.,
Please turn JavaScript on and reload the page.,
Please turn JavaScript on and reload the page.,
Please turn JavaScript on and reload the page.,
Please turn JavaScript on and reload the page.,
Please turn JavaScript on and reload the page.,
Please turn JavaScript on and reload the page.,
Please turn JavaScript on and reload the page.,
Please turn JavaScript on and reload the page.,
Please turn JavaScript on and reload the page.,
Please turn JavaScript on and reload the page.,
Please turn JavaScript on and reload the page.,
Please turn JavaScript on and reload the page.,
Please turn JavaScript on and reload the page.,
Please turn JavaScript on and reload the page.,
Please turn JavaScript on and reload the page.,
Please turn JavaScript on and reload the page.,
Please turn JavaScript on and reload the page.,
Please turn JavaScript on and reload the page.,
Please turn JavaScript on and reload the page.,
Please turn JavaScript on and reload the page.,
Please turn JavaScript on and reload the page.,
Please turn JavaScript on and reload the page.,
Please turn JavaScript on and reload the page.,
Please turn JavaScript on and reload the page.,
Please turn JavaScript on and reload the page.,
Please turn JavaScript on and reload the page.,
Please turn JavaScript on and reload the page.,
Please turn JavaScript on and reload the page.,
Please turn JavaScript on and reload the page.,
Please turn JavaScript on and reload the page.,
Please turn JavaScript on and reload the page.,
Please turn JavaScript on and reload the page.,
Please turn JavaScript on and reload the page.,
Please turn JavaScript on and reload the page.,
Please turn JavaScript on and reload the page.,
Please turn JavaScript on and reload the page.,
Please turn JavaScript on and reload the page.,
Please turn JavaScript on and reload the page.,
Please turn JavaScript on and reload the page.,
Please turn JavaScript on and reload the page.,
Please turn JavaScript on and reload the page.,
Please turn JavaScript on and reload the page.,
Please turn JavaScript on and reload the page.,
Please turn JavaScript on and reload the page.,
Please turn JavaScript on and reload the page.,
Please turn JavaScript on and reload the page.,
Please turn JavaScript on and reload the page.,
Please turn JavaScript on and reload the page.,
Please turn JavaScript on and reload the page.,
Please turn JavaScript on and reload the page.,
Please turn JavaScript on and reload the page.,
Please turn JavaScript on and reload the page.,
Please turn JavaScript on and reload the page.,
Please turn JavaScript on and reload the page.,
Please turn JavaScript on and reload the page.,
Please turn JavaScript on and reload the page.,
Please turn JavaScript on and reload the page.,
Please turn JavaScript on and reload the page.,
Please turn JavaScript on and reload the page.,
Please turn JavaScript on and reload the page.,
Please turn JavaScript on and reload the page.,
Please turn JavaScript on and reload the page.,
Please turn JavaScript on and reload the page.,
Please turn JavaScript on and reload the page.,
Please turn JavaScript on and reload the page.,
Please turn JavaScript on and reload the page.,
Please turn JavaScript on and reload the page.,
Please turn JavaScript on and reload the page.,
Please turn JavaScript on and reload the page.,
Please turn JavaScript on and reload the page.,
Please turn JavaScript on and reload the page.,
Please turn JavaScript on and reload the page.,
Please turn JavaScript on and reload the page.,
Please turn JavaScript on and reload the page.,
Please turn JavaScript on and reload the page.,
Please turn JavaScript on and reload the page.,
Please turn JavaScript on and reload the page.,
Please turn JavaScript on and reload the page.,
Please turn JavaScript on and reload the page.,
Please turn JavaScript on and reload the page.,
Please turn JavaScript on and reload the page.,
Please turn JavaScript on and reload the page.,
Please turn JavaScript on and reload the page.,
Please turn JavaScript on and reload the page.,
Please turn JavaScript on and reload the page.,
Please turn JavaScript on and reload the page.,
Please turn JavaScript on and reload the page.,
Please turn JavaScript on and reload the page.,
Please turn JavaScript on and reload the page.,
Please turn JavaScript on and reload the page.,
Please turn JavaScript on and reload the page.,
Please turn JavaScript on and reload the page.,
Please turn JavaScript on and reload the page.,
Please turn JavaScript on and reload the page.,
Please turn JavaScript on and reload the page.,
XRP (XRP),$0.571882
Bitcoin (BTC),"$18,293.22"
Litecoin (LTC),$75.33
Chainlink (LINK),$12.23
Polkadot (DOT),$4.79
Stellar (XLM),$0.170915
USD Coin (USDC),$1.00
Monero (XMR),$132.44
TRON (TRX),$0.028405
UNUS SED LEO (LEO),$1.36
Please turn JavaScript on and reload the page.,
Tezos (XTZ),$2.13
Neo (NEO),$16.55
Please turn JavaScript on and reload the page.,
VeChain (VET),$0.016230
Please turn JavaScript on and reload the page.,
Please turn JavaScript on and reload the page.,
Zcash (ZEC),$67.74
Please turn JavaScript on and reload the page.,
Please turn JavaScript on and reload the page.,
Please turn JavaScript on and reload the page.,
Maker (MKR),$507.43
Please turn JavaScript on and reload the page.,
Please turn JavaScript on and reload the page.,
Please turn JavaScript on and reload the page.,
Uniswap (UNI),$3.24
Please turn JavaScript on and reload the page.,
Please turn JavaScript on and reload the page.,
Please turn JavaScript on and reload the page.,
Please turn JavaScript on and reload the page.,
Please turn JavaScript on and reload the page.,
Please turn JavaScript on and reload the page.,
Dash (DASH),$94.31
Please turn JavaScript on and reload the page.,
Huobi Token (HT),$4.07
THETA (THETA),$0.695615
Aave (AAVE),$79.94
Binance USD (BUSD),$0.999900
OMG Network (OMG),$3.18
Please turn JavaScript on and reload the page.,
Please turn JavaScript on and reload the page.,
Please turn JavaScript on and reload the page.,
Please turn JavaScript on and reload the page.,
Please turn JavaScript on and reload the page.,
Please turn JavaScript on and reload the page.,
Please turn JavaScript on and reload the page.,
Please turn JavaScript on and reload the page.,
Please turn JavaScript on and reload the page.,
Please turn JavaScript on and reload the page.,
Please turn JavaScript on and reload the page.,
Please turn JavaScript on and reload the page.,
Please turn JavaScript on and reload the page.,
Please turn JavaScript on and reload the page.,
Please turn JavaScript on and reload the page.,
Please turn JavaScript on and reload the page.,
Please turn JavaScript on and reload the page.,
Please turn JavaScript on and reload the page.,
Please turn JavaScript on and reload the page.,
Please turn JavaScript on and reload the page.,
Please turn JavaScript on and reload the page.,
Please turn JavaScript on and reload the page.,
Please turn JavaScript on and reload the page.,
Please turn JavaScript on and reload the page.,
Please turn JavaScript on and reload the page.,
Please turn JavaScript on and reload the page.,
Please turn JavaScript on and reload the page.,
Please turn JavaScript on and reload the page.,
Please turn JavaScript on and reload the page.,
Please turn JavaScript on and reload the page.,
Please turn JavaScript on and reload the page.,
Please turn JavaScript on and reload the page.,
Please turn JavaScript on and reload the page.,
Please turn JavaScript on and reload the page.,
Please turn JavaScript on and reload the page.,
Please turn JavaScript on and reload the page.,
Please turn JavaScript on and reload the page.,
Please turn JavaScript on and reload the page.,
Please turn JavaScript on and reload the page.,
Please turn JavaScript on and reload the page.,
Please turn JavaScript on and reload the page.,
Please turn JavaScript on and reload the page.,
Please turn JavaScript on and reload the page.,
Please turn JavaScript on and reload the page.,
Please turn JavaScript on and reload the page.,
Please turn JavaScript on and reload the page.,
Please turn JavaScript on and reload the page.,
Bitcoin (BTC),"$18,293.22"
XRP (XRP),$0.571882
Polkadot (DOT),$4.79
Litecoin (LTC),$75.33
Chainlink (LINK),$12.23
USD Coin (USDC),$1.00
Monero (XMR),$132.44
Stellar (XLM),$0.170915
TRON (TRX),$0.028405
Tezos (XTZ),$2.13
UNUS SED LEO (LEO),$1.36
Neo (NEO),$16.55
Aave (AAVE),$79.94
Dash (DASH),$94.31
Uniswap (UNI),$3.24
VeChain (VET),$0.016230
Zcash (ZEC),$67.74
THETA (THETA),$0.695615
Huobi Token (HT),$4.07
Binance USD (BUSD),$0.999900
Maker (MKR),$507.43
OMG Network (OMG),$3.18
Please turn JavaScript on and reload the page.,
Basic Attention Token (BAT),$0.216128
DigiByte (DGB),$0.020187
HUSD (HUSD),$1.00
Avalanche (AVAX),$3.29
Loopring (LRC),$0.180836
SushiSwap (SUSHI),$2.17
Please turn JavaScript on and reload the page.,
HedgeTrade (HEDG),$0.550080
Qtum (QTUM),$2.41
UMA (UMA),$7.27
Blockstack (STX),$0.258795
Please turn JavaScript on and reload the page.,
Hedera Hashgraph (HBAR),$0.035599
NEAR Protocol (NEAR),$0.998545
Please turn JavaScript on and reload the page.,
Dogecoin (DOGE),$0.003146
BitTorrent (BTT),$0.000315
ABBC Coin (ABBC),$0.256622
TrueUSD (TUSD),$0.999684
Please turn JavaScript on and reload the page.,
Decred (DCR),$27.55
Please turn JavaScript on and reload the page.,
Please turn JavaScript on and reload the page.,
Please turn JavaScript on and reload the page.,
Please turn JavaScript on and reload the page.,
Please turn JavaScript on and reload the page.,
Please turn JavaScript on and reload the page.,
Please turn JavaScript on and reload the page.,
Please turn JavaScript on and reload the page.,
Please turn JavaScript on and reload the page.,
Please turn JavaScript on and reload the page.,
Please turn JavaScript on and reload the page.,
Please turn JavaScript on and reload the page.,
Please turn JavaScript on and reload the page.,
Please turn JavaScript on and reload the page.,
Please turn JavaScript on and reload the page.,
Please turn JavaScript on and reload the page.,
Please turn JavaScript on and reload the page.,
Please turn JavaScript on and reload the page.,
Please turn JavaScript on and reload the page.,
Please turn JavaScript on and reload the page.,
Please turn JavaScript on and reload the page.,
Please turn JavaScript on and reload the page.,
Please turn JavaScript on and reload the page.,
Please turn JavaScript on and reload the page.,
Please turn JavaScript on and reload the page.,
Please turn JavaScript on and reload the page.,
Please turn JavaScript on and reload the page.,
Please turn JavaScript on and reload the page.,
Please turn JavaScript on and reload the page.,
Please turn JavaScript on and reload the page.,
Please turn JavaScript on and reload the page.,
Please turn JavaScript on and reload the page.,
Please turn JavaScript on and reload the page.,
Please turn JavaScript on and reload the page.,
Please turn JavaScript on and reload the page.,
Please turn JavaScript on and reload the page.,
Please turn JavaScript on and reload the page.,
Please turn JavaScript on and reload the page.,
Please turn JavaScript on and reload the page.,
Please turn JavaScript on and reload the page.,
Please turn JavaScript on and reload the page.,
Please turn JavaScript on and reload the page.,
Please turn JavaScript on and reload the page.,
Please turn JavaScript on and reload the page.,
Please turn JavaScript on and reload the page.,
Please turn JavaScript on and reload the page.,
Please turn JavaScript on and reload the page.,
Please turn JavaScript on and reload the page.,
Please turn JavaScript on and reload the page.,
Please turn JavaScript on and reload the page.,
Please turn JavaScript on and reload the page.,
Please turn JavaScript on and reload the page.,
Please turn JavaScript on and reload the page.,
Please turn JavaScript on and reload the page.,
Please turn JavaScript on and reload the page.,
Please turn JavaScript on and reload the page.,
Please turn JavaScript on and reload the page.,
Please turn JavaScript on and reload the page.,
Please turn JavaScript on and reload the page.,
Please turn JavaScript on and reload the page.,
Please turn JavaScript on and reload the page.,
Please turn JavaScript on and reload the page.,
Please turn JavaScript on and reload the page.,
Please turn JavaScript on and reload the page.,
Please turn JavaScript on and reload the page.,
Please turn JavaScript on and reload the page.,
Please turn JavaScript on and reload the page.,
Please turn JavaScript on and reload the page.,
Please turn JavaScript on and reload the page.,
Please turn JavaScript on and reload the page.,
Please turn JavaScript on and reload the page.,
Please turn JavaScript on and reload the page.,
Please turn JavaScript on and reload the page.,
Please turn JavaScript on and reload the page.,
Please turn JavaScript on and reload the page.,
Please turn JavaScript on and reload the page.,
Please turn JavaScript on and reload the page.,
Please turn JavaScript on and reload the page.,
Please turn JavaScript on and reload the page.,
Please turn JavaScript on and reload the page.,
Please turn JavaScript on and reload the page.,
Please turn JavaScript on and reload the page.,
Please turn JavaScript on and reload the page.,
Please turn JavaScript on and reload the page.,
Bitcoin (BTC),"$18,293.22"
XRP (XRP),$0.568130
Neo (NEO),$16.55
Chainlink (LINK),$12.18
Please turn JavaScript on and reload the page.,
Please turn JavaScript on and reload the page.,
VeChain (VET),$0.016230
Please turn JavaScript on and reload the page.,
Please turn JavaScript on and reload the page.,
Please turn JavaScript on and reload the page.,
Dash (DASH),$94.31
Please turn JavaScript on and reload the page.,
Please turn JavaScript on and reload the page.,
Litecoin (LTC),$75.00
Tezos (XTZ),$2.12
Please turn JavaScript on and reload the page.,
USD Coin (USDC),$1.00
TRON (TRX),$0.028310
Please turn JavaScript on and reload the page.,
Please turn JavaScript on and reload the page.,
Monero (XMR),$131.78
Please turn JavaScript on and reload the page.,
Please turn JavaScript on and reload the page.,
UNUS SED LEO (LEO),$1.36
Please turn JavaScript on and reload the page.,
Please turn JavaScript on and reload the page.,
Please turn JavaScript on and reload the page.,
Please turn JavaScript on and reload the page.,
Please turn JavaScript on and reload the page.,
Please turn JavaScript on and reload the page.,
Please turn JavaScript on and reload the page.,
Please turn JavaScript on and reload the page.,
Stellar (XLM),$0.170252
Please turn JavaScript on and reload the page.,
Please turn JavaScript on and reload the page.,
Please turn JavaScript on and reload the page.,
Please turn JavaScript on and reload the page.,
Please turn JavaScript on and reload the page.,
Please turn JavaScript on and reload the page.,
Polkadot (DOT),$4.77
Please turn JavaScript on and reload the page.,
Please turn JavaScript on and reload the page.,
Please turn JavaScript on and reload the page.,
Please turn JavaScript on and reload the page.,
